investment_id,investor_id,startup_id,confidence_score,source
VERIFIED_aceleradora_litoral_biosynaptica,aceleradora_litoral,biosynaptica,0.95,investment_rounds: official portfolio
VERIFIED_aceleradora_litoral_bioheuris,aceleradora_litoral,bioheuris,0.95,investment_rounds: official portfolio
VERIFIED_aceleradora_litoral_inbioar,aceleradora_litoral,inbioar,0.95,investment_rounds: official portfolio
VERIFIED_aceleradora_litoral_infira,aceleradora_litoral,infira,0.95,investment_rounds: official portfolio
VERIFIED_aceleradora_litoral_nairotech,aceleradora_litoral,nairotech,0.95,investment_rounds: official portfolio
VERIFIED_aceleradora_litoral_seedmatriz,aceleradora_litoral,seedmatriz,0.95,investment_rounds: official portfolio
VERIFIED_aceleradora_litoral_untech,aceleradora_litoral,untech,0.95,investment_rounds: official portfolio
VERIFIED_antom_eiru,antom,eiru,0.95,investment_rounds: official portfolio
VERIFIED_cites_ardan,cites,ardan,0.95,investment_rounds: official portfolio
VERIFIED_cites_bioseek,cites,bioseek,0.95,investment_rounds: official portfolio
VERIFIED_chileglobal_ventures_agrourbana,chileglobal_ventures,agrourbana,0.95,investment_rounds: official portfolio
VERIFIED_chileglobal_ventures_matchetune,chileglobal_ventures,matchetune,0.95,investment_rounds: official portfolio
VERIFIED_drapercygnus_stamm,drapercygnus,stamm,0.95,investment_rounds: official portfolio
VERIFIED_endurance_28_biomakers,endurance_28,biomakers,0.95,investment_rounds: official portfolio
VERIFIED_endurance_28_oncoliq,endurance_28,oncoliq,0.95,investment_rounds: official portfolio
VERIFIED_gridx_avatar_medtech,gridx,avatar_medtech,0.95,investment_rounds: official portfolio
VERIFIED_gridx_arakion,gridx,arakion,0.95,investment_rounds: official portfolio
VERIFIED_gridx_biocle,gridx,biocle,0.95,investment_rounds: official portfolio
VERIFIED_gridx_bioplaster_research_inc,gridx,bioplaster_research_inc,0.95,investment_rounds: official portfolio
VERIFIED_gridx_break_pet,gridx,break_pet,0.95,investment_rounds: official portfolio
VERIFIED_gridx_break_pet,gridx,break_pet,0.95,investment_rounds: official portfolio
VERIFIED_gridx_calfix,gridx,calfix,0.95,investment_rounds: official portfolio
VERIFIED_gridx_cell_farm,gridx,cell_farm,0.95,investment_rounds: official portfolio
VERIFIED_gridx_cellco,gridx,cellco,0.95,investment_rounds: official portfolio
VERIFIED_gridx_cytbac,gridx,cytbac,0.95,investment_rounds: official portfolio
VERIFIED_gridx_elytron_biotech,gridx,elytron_biotech,0.95,investment_rounds: official portfolio
VERIFIED_gridx_enzyva,gridx,enzyva,0.95,investment_rounds: official portfolio
VERIFIED_gridx_eywa_biotech,gridx,eywa_biotech,0.95,investment_rounds: official portfolio
VERIFIED_gridx_fecundis,gridx,fecundis,0.95,investment_rounds: official portfolio
VERIFIED_gridx_fecundis,gridx,fecundis,0.95,investment_rounds: official portfolio
VERIFIED_gridx_food4you,gridx,food4you,0.95,investment_rounds: official portfolio
VERIFIED_gridx_HIAMET,gridx,HIAMET,0.95,investment_rounds: official portfolio
VERIFIED_gridx_HIAMET,gridx,HIAMET,0.95,investment_rounds: official portfolio
VERIFIED_gridx_kresko_rnatech,gridx,kresko_rnatech,0.95,investment_rounds: official portfolio
VERIFIED_gridx_levya,gridx,levya,0.95,investment_rounds: official portfolio
VERIFIED_gridx_lipock,gridx,lipock,0.95,investment_rounds: official portfolio
VERIFIED_gridx_mavios,gridx,mavios,0.95,investment_rounds: official portfolio
VERIFIED_gridx_michroma,gridx,michroma,0.95,investment_rounds: official portfolio
VERIFIED_gridx_michroma,gridx,michroma,0.95,investment_rounds: official portfolio
VERIFIED_gridx_microgenesis,gridx,microgenesis,0.95,investment_rounds: official portfolio
VERIFIED_gridx_microgenesis,gridx,microgenesis,0.95,investment_rounds: official portfolio
VERIFIED_gridx_nanojump_bio,gridx,nanojump_bio,0.95,investment_rounds: official portfolio
VERIFIED_gridx_nanogrow_biotech,gridx,nanogrow_biotech,0.95,investment_rounds: official portfolio
VERIFIED_gridx_nanoprox,gridx,nanoprox,0.95,investment_rounds: official portfolio
VERIFIED_gridx_neocell,gridx,neocell,0.95,investment_rounds: official portfolio
VERIFIED_gridx_new_organs_biotech,gridx,new_organs_biotech,0.95,investment_rounds: official portfolio
VERIFIED_gridx_ocular_bio_design,gridx,ocular_bio_design,0.95,investment_rounds: official portfolio
VERIFIED_gridx_plamic,gridx,plamic,0.95,investment_rounds: official portfolio
VERIFIED_gridx_pregen,gridx,pregen,0.95,investment_rounds: official portfolio
VERIFIED_gridx_resistia,gridx,resistia,0.95,investment_rounds: official portfolio
VERIFIED_gridx_scitherm_therapeutics,gridx,scitherm_therapeutics,0.95,investment_rounds: official portfolio
VERIFIED_gridx_stamm,gridx,stamm,0.95,investment_rounds: official portfolio
VERIFIED_gridx_tesabio_ai,gridx,tesabio_ai,0.95,investment_rounds: official portfolio
VERIFIED_gridx_algaebio,gridx,algaebio,0.95,investment_rounds: official portfolio
VERIFIED_kptl_ages,kptl,ages,0.95,investment_rounds: official portfolio
VERIFIED_kptl_agrotools,kptl,agrotools,0.95,investment_rounds: official portfolio
VERIFIED_kptl_omics,kptl,omics,0.95,investment_rounds: official portfolio
VERIFIED_kptl_smartbreeder,kptl,smartbreeder,0.95,investment_rounds: official portfolio
VERIFIED_kptl_tbit,kptl,tbit,0.95,investment_rounds: official portfolio
VERIFIED_newtopia_vc_nilus,newtopia_vc,nilus,0.95,investment_rounds: official portfolio
VERIFIED_newtopia_vc_waterplan,newtopia_vc,waterplan,0.95,investment_rounds: official portfolio
VERIFIED_sf500_eiru,sf500,eiru,0.95,investment_rounds: official portfolio
VERIFIED_sp_ventures_aegro,sp_ventures,aegro,0.95,investment_rounds: official portfolio
VERIFIED_sp_ventures_agrofy,sp_ventures,agrofy,0.95,investment_rounds: official portfolio
VERIFIED_sp_ventures_arado,sp_ventures,arado,0.95,investment_rounds: official portfolio
VERIFIED_sp_ventures_bug_agentes_biologicos,sp_ventures,bug_agentes_biologicos,0.95,investment_rounds: official portfolio
VERIFIED_sp_ventures_brain_ag,sp_ventures,brain_ag,0.95,investment_rounds: official portfolio
VERIFIED_sp_ventures_decoy,sp_ventures,decoy,0.95,investment_rounds: official portfolio
VERIFIED_sp_ventures_frizata,sp_ventures,frizata,0.95,investment_rounds: official portfolio
VERIFIED_sp_ventures_genotyping,sp_ventures,genotyping,0.95,investment_rounds: official portfolio
VERIFIED_sp_ventures_imeve,sp_ventures,imeve,0.95,investment_rounds: official portfolio
VERIFIED_sp_ventures_inceres,sp_ventures,inceres,0.95,investment_rounds: official portfolio
VERIFIED_sp_ventures_leaf,sp_ventures,leaf,0.95,investment_rounds: official portfolio
VERIFIED_sp_ventures_magnamed,sp_ventures,magnamed,0.95,investment_rounds: official portfolio
VERIFIED_sp_ventures_moss,sp_ventures,moss,0.95,investment_rounds: official portfolio
VERIFIED_sp_ventures_nexxto,sp_ventures,nexxto,0.95,investment_rounds: official portfolio
VERIFIED_sp_ventures_promip,sp_ventures,promip,0.95,investment_rounds: official portfolio
VERIFIED_sp_ventures_sette,sp_ventures,sette,0.95,investment_rounds: official portfolio
VERIFIED_sp_ventures_traive,sp_ventures,traive,0.95,investment_rounds: official portfolio
VERIFIED_sp_ventures_goflux,sp_ventures,goflux,0.95,investment_rounds: official portfolio
VERIFIED_savia_ventures_solfium,savia_ventures,solfium,0.95,investment_rounds: official portfolio
VERIFIED_the_yield_lab_latam_seedz,the_yield_lab_latam,seedz,0.95,investment_rounds: official portfolio
VERIFIED_the_yield_lab_latam_terramagna,the_yield_lab_latam,terramagna,0.95,investment_rounds: official portfolio
VERIFIED_the_yield_lab_latam_um_grau_e_meio,the_yield_lab_latam,um_grau_e_meio,0.95,investment_rounds: official portfolio
VERIFIED_zentynel_asclepii,zentynel,asclepii,0.95,investment_rounds: official portfolio
VERIFIED_zentynel_autem-medical,zentynel,autem-medical,0.95,investment_rounds: official portfolio
VERIFIED_zentynel_biomakers,zentynel,biomakers,0.95,investment_rounds: official portfolio
VERIFIED_zentynel_harmony-biosciences,zentynel,harmony-biosciences,0.95,investment_rounds: official portfolio
VERIFIED_zentynel_hexembio,zentynel,hexembio,0.95,investment_rounds: official portfolio
VERIFIED_zentynel_momentum-therapeutics,zentynel,momentum-therapeutics,0.95,investment_rounds: official portfolio
VERIFIED_zentynel_neocrop-technologies,zentynel,neocrop-technologies,0.95,investment_rounds: official portfolio
VERIFIED_zentynel_samay,zentynel,samay,0.95,investment_rounds: official portfolio
VERIFIED_zentynel_xeptiva,zentynel,xeptiva,0.95,investment_rounds: official portfolio
VERIFIED_gridx_HIAMET,gridx,HIAMET,0.95,investment_rounds: official portfolio
VERIFIED_gridx_tomorrow_foods,gridx,tomorrow_foods,0.95,investment_rounds: official portfolio
VERIFIED_gridx_algalife,gridx,algalife,0.95,investment_rounds: official portfolio
VERIFIED_zentynel_multiplai_health,zentynel,multiplai_health,0.95,investment_rounds: official portfolio
VERIFIED_barn_investimentos_rumina,barn_investimentos,rumina,0.95,investment_rounds: official portfolio
VERIFIED_barn_investimentos_agrotoken,barn_investimentos,agrotoken,0.95,investment_rounds: official portfolio
VERIFIED_sp_ventures_genica,sp_ventures,genica,0.95,investment_rounds: official portfolio
VERIFIED_sp_ventures_agrolend,sp_ventures,agrolend,0.95,investment_rounds: official portfolio
VERIFIED_sp_ventures_verqor,sp_ventures,verqor,0.95,investment_rounds: official portfolio
VERIFIED_sp_ventures_blooms,sp_ventures,blooms,0.95,investment_rounds: official portfolio
VERIFIED_sp_ventures_jetbov,sp_ventures,jetbov,0.95,investment_rounds: official portfolio
VERIFIED_sp_ventures_inprenha,sp_ventures,inprenha,0.95,investment_rounds: official portfolio
VERIFIED_sp_ventures_decoy-smart-control-br,sp_ventures,decoy-smart-control-br,0.95,investment_rounds: official portfolio
VERIFIED_the_yield_lab_latam_bemagro,the_yield_lab_latam,bemagro,0.95,investment_rounds: official portfolio
VERIFIED_the_yield_lab_latam_culttivo,the_yield_lab_latam,culttivo,0.95,investment_rounds: official portfolio
VERIFIED_the_yield_lab_latam_cerradox,the_yield_lab_latam,cerradox,0.95,investment_rounds: official portfolio
VERIFIED_the_yield_lab_latam_phagelab,the_yield_lab_latam,phagelab,0.95,investment_rounds: official portfolio
VERIFIED_the_yield_lab_latam_kigui,the_yield_lab_latam,kigui,0.95,investment_rounds: official portfolio
VERIFIED_the_yield_lab_latam_incluirtec,the_yield_lab_latam,incluirtec,0.95,investment_rounds: official portfolio
VERIFIED_the_yield_lab_latam_produzindo-certo,the_yield_lab_latam,produzindo-certo,0.95,investment_rounds: official portfolio
VERIFIED_the_yield_lab_latam_agricapital,the_yield_lab_latam,agricapital,0.95,investment_rounds: official portfolio
VERIFIED_zentynel_antarka,zentynel,antarka,0.95,investment_rounds: official portfolio
VERIFIED_zentynel_fecundis,zentynel,fecundis,0.95,investment_rounds: official portfolio
VERIFIED_zentynel_viewmind,zentynel,viewmind,0.95,investment_rounds: official portfolio
VERIFIED_savia_ventures_strong-by-form-cl,savia_ventures,strong-by-form-cl,0.95,investment_rounds: official portfolio
VERIFIED_savia_ventures_living-ink-us,savia_ventures,living-ink-us,0.95,investment_rounds: official portfolio
VERIFIED_savia_ventures_nutrition-from-water-cl,savia_ventures,nutrition-from-water-cl,0.95,investment_rounds: official portfolio
VERIFIED_savia_ventures_mothership-materials-cl,savia_ventures,mothership-materials-cl,0.95,investment_rounds: official portfolio
VERIFIED_gridx_stamm-ar,gridx,stamm-ar,0.95,investment_rounds: official portfolio
VERIFIED_gridx_puna_bio,gridx,puna_bio,0.95,investment_rounds: official portfolio
VERIFIED_gridx_caspr_biotech,gridx,caspr_biotech,0.95,investment_rounds: official portfolio
VERIFIED_gridx_beeflow,gridx,beeflow,0.95,investment_rounds: official portfolio
VERIFIED_gridx_michroma,gridx,michroma,0.95,investment_rounds: official portfolio
VERIFIED_gridx_bioeutectics,gridx,bioeutectics,0.95,investment_rounds: official portfolio
VERIFIED_gridx_nanogrow_biotech,gridx,nanogrow_biotech,0.95,investment_rounds: official portfolio
VERIFIED_gridx_algaebio,gridx,algaebio,0.95,investment_rounds: official portfolio
VERIFIED_gridx_algalife,gridx,algalife,0.95,investment_rounds: official portfolio
VERIFIED_gridx_antarka,gridx,antarka,0.95,investment_rounds: official portfolio
VERIFIED_gridx_apasomics,gridx,apasomics,0.95,investment_rounds: official portfolio
VERIFIED_gridx_apexzymes,gridx,apexzymes,0.95,investment_rounds: official portfolio
VERIFIED_gridx_aquit,gridx,aquit,0.95,investment_rounds: official portfolio
VERIFIED_gridx_arakion,gridx,arakion,0.95,investment_rounds: official portfolio
VERIFIED_gridx_argentag,gridx,argentag,0.95,investment_rounds: official portfolio
VERIFIED_gridx_bioblends,gridx,bioblends,0.95,investment_rounds: official portfolio
VERIFIED_gridx_bioplaster_research_inc,gridx,bioplaster_research_inc,0.95,investment_rounds: official portfolio
VERIFIED_gridx_bioplastix,gridx,bioplastix,0.95,investment_rounds: official portfolio
VERIFIED_gridx_bitgenia,gridx,bitgenia,0.95,investment_rounds: official portfolio
VERIFIED_gridx_break_pet,gridx,break_pet,0.95,investment_rounds: official portfolio
VERIFIED_gridx_bsafe_biotech,gridx,bsafe_biotech,0.95,investment_rounds: official portfolio
VERIFIED_gridx_bybug,gridx,bybug,0.95,investment_rounds: official portfolio
VERIFIED_gridx_calfix,gridx,calfix,0.95,investment_rounds: official portfolio
VERIFIED_gridx_caligenia,gridx,caligenia,0.95,investment_rounds: official portfolio
VERIFIED_gridx_cellco,gridx,cellco,0.95,investment_rounds: official portfolio
VERIFIED_gridx_cellrep,gridx,cellrep,0.95,investment_rounds: official portfolio
VERIFIED_gridx_cryosmetics,gridx,cryosmetics,0.95,investment_rounds: official portfolio
VERIFIED_gridx_cyanomin,gridx,cyanomin,0.95,investment_rounds: official portfolio
VERIFIED_gridx_dogma_biotech,gridx,dogma_biotech,0.95,investment_rounds: official portfolio
VERIFIED_gridx_einsted,gridx,einsted,0.95,investment_rounds: official portfolio
VERIFIED_gridx_elytron_biotech,gridx,elytron_biotech,0.95,investment_rounds: official portfolio
VERIFIED_gridx_embryoxite,gridx,embryoxite,0.95,investment_rounds: official portfolio
VERIFIED_gridx_enteria,gridx,enteria,0.95,investment_rounds: official portfolio
VERIFIED_gridx_enzyva,gridx,enzyva,0.95,investment_rounds: official portfolio
VERIFIED_gridx_eywa_biotech,gridx,eywa_biotech,0.95,investment_rounds: official portfolio
VERIFIED_gridx_fecundis,gridx,fecundis,0.95,investment_rounds: official portfolio
VERIFIED_gridx_feedvax,gridx,feedvax,0.95,investment_rounds: official portfolio
VERIFIED_gridx_food4you,gridx,food4you,0.95,investment_rounds: official portfolio
VERIFIED_gridx_geoprot,gridx,geoprot,0.95,investment_rounds: official portfolio
VERIFIED_gridx_gisens_biotech,gridx,gisens_biotech,0.95,investment_rounds: official portfolio
VERIFIED_gridx_glycox,gridx,glycox,0.95,investment_rounds: official portfolio
VERIFIED_gridx_invitrall,gridx,invitrall,0.95,investment_rounds: official portfolio
VERIFIED_gridx_kresko_rnatech,gridx,kresko_rnatech,0.95,investment_rounds: official portfolio
VERIFIED_gridx_levya,gridx,levya,0.95,investment_rounds: official portfolio
VERIFIED_gridx_lipock,gridx,lipock,0.95,investment_rounds: official portfolio
VERIFIED_gridx_mavios,gridx,mavios,0.95,investment_rounds: official portfolio
VERIFIED_gridx_microgenesis,gridx,microgenesis,0.95,investment_rounds: official portfolio
VERIFIED_gridx_microin,gridx,microin,0.95,investment_rounds: official portfolio
VERIFIED_gridx_migma,gridx,migma,0.95,investment_rounds: official portfolio
VERIFIED_gridx_nanoingreen,gridx,nanoingreen,0.95,investment_rounds: official portfolio
VERIFIED_gridx_nanoprox,gridx,nanoprox,0.95,investment_rounds: official portfolio
VERIFIED_gridx_nanotransfer,gridx,nanotransfer,0.95,investment_rounds: official portfolio
VERIFIED_gridx_nat4bio,gridx,nat4bio,0.95,investment_rounds: official portfolio
VERIFIED_gridx_naturannova,gridx,naturannova,0.95,investment_rounds: official portfolio
VERIFIED_gridx_neocell,gridx,neocell,0.95,investment_rounds: official portfolio
VERIFIED_gridx_new_organs_biotech,gridx,new_organs_biotech,0.95,investment_rounds: official portfolio
VERIFIED_gridx_nunatak_biotech,gridx,nunatak_biotech,0.95,investment_rounds: official portfolio
VERIFIED_gridx_polymera,gridx,polymera,0.95,investment_rounds: official portfolio
VERIFIED_gridx_pregen,gridx,pregen,0.95,investment_rounds: official portfolio
VERIFIED_gridx_protiva,gridx,protiva,0.95,investment_rounds: official portfolio
VERIFIED_gridx_qnity,gridx,qnity,0.95,investment_rounds: official portfolio
VERIFIED_gridx_qumir_nano,gridx,qumir_nano,0.95,investment_rounds: official portfolio
VERIFIED_gridx_radial,gridx,radial,0.95,investment_rounds: official portfolio
VERIFIED_cites_amnova-biotech-cl,cites,amnova-biotech-cl,0.95,investment_rounds: official portfolio
VERIFIED_cites_baxxis-medtech-cl,cites,baxxis-medtech-cl,0.95,investment_rounds: official portfolio
VERIFIED_vox_capital_magnamed,vox_capital,magnamed,0.95,investment_rounds: official portfolio
VERIFIED_vox_capital_traive,vox_capital,traive,0.95,investment_rounds: official portfolio
VERIFIED_vox_capital_genica,vox_capital,genica,0.95,investment_rounds: official portfolio
VERIFIED_zentynel_axenya,zentynel,axenya,0.95,investment_rounds: official portfolio
VERIFIED_zentynel_microterra,zentynel,microterra,0.95,investment_rounds: official portfolio
VERIFIED_the_yield_lab_latam_verqor,the_yield_lab_latam,verqor,0.95,investment_rounds: official portfolio
VERIFIED_the_yield_lab_latam_blooms,the_yield_lab_latam,blooms,0.95,investment_rounds: official portfolio
VERIFIED_the_yield_lab_latam_beeflow,the_yield_lab_latam,beeflow,0.95,investment_rounds: official portfolio
VERIFIED_endurance_28_dprotein,endurance_28,dprotein,0.95,investment_rounds: official portfolio
VERIFIED_chileglobal_ventures_instacrops-cl,chileglobal_ventures,instacrops-cl,0.95,investment_rounds: official portfolio
